4.95;18:32:09
4.94;18:32:10
4.96;18:32:11
4.94;18:32:12
5;18:32:13
4.95;18:32:14
5;18:32:15
5.01;18:32:16
5.01;18:32:17
4.9;18:32:18
4.97;18:32:19
4.97;18:32:20
5;18:32:21
5.01;18:32:22
4.97;18:32:23
4.98;18:32:24
5;18:32:25
4.99;18:32:26
4.99;18:32:27
5.02;18:32:28
4.98;18:32:29
4.9;18:32:30
5;18:32:31
5.05;18:32:32
4.99;18:32:33
5.01;18:32:34
5;18:32:35
4.96;18:32:36
5.01;18:32:37
5;18:32:38
4.99;18:32:39
4.99;18:32:40
4.98;18:32:41
4.93;18:32:42
4.95;18:32:43
4.92;18:32:44
5.03;18:32:45
4.98;18:32:46
5.02;18:32:47
4.95;18:32:49
4.99;18:32:50
5;18:32:51
4.98;18:32:52
5;18:32:53
4.99;18:32:53
4.97;18:32:55
4.98;18:32:56
4.98;18:32:57
4.95;18:32:58
5.01;18:32:59
5.01;18:33:00
4.95;18:33:01
5;18:33:02
5.01;18:33:03
4.97;18:33:04
4.95;18:33:05
4.95;18:33:06
5.01;18:33:06
4.97;18:33:08
4.97;18:33:09
4.95;18:33:10
4.97;18:33:11
4.99;18:33:12
4.95;18:33:13
5.02;18:33:14
4.95;18:33:15
4.99;18:33:16
4.99;18:33:17
5;18:33:18
5.05;18:33:19
4.93;18:33:20
4.92;18:33:21
4.98;18:33:22
5;18:33:23
5.04;18:33:24
5;18:33:25
5.05;18:33:26
4.98;18:33:27
4.93;18:33:28
4.98;18:33:29
4.98;18:33:30
4.92;18:33:31
5.02;18:33:32
4.99;18:33:33
5;18:33:34
4.94;18:33:35
4.95;18:33:36
5;18:33:37
4.97;18:33:38
4.94;18:33:39
4.96;18:33:40
4.92;18:33:41
4.91;18:33:42
5.01;18:33:43
5;18:33:44
4.95;18:33:45
5.04;18:33:46
5;18:33:47
4.97;18:33:48
4.97;18:33:49
4.97;18:33:50
4.95;18:33:51
5.01;18:33:52
4.96;18:33:53
4.98;18:33:55
4.95;18:33:56
4.93;18:33:57
5.01;18:33:58
4.94;18:33:59
4.96;18:33:59
4.99;18:34:01
5.04;18:34:02
4.99;18:34:03
5.03;18:34:04
4.95;18:34:05
4.99;18:34:06
5.03;18:34:06
4.96;18:34:08
4.91;18:34:09
4.94;18:34:10
4.98;18:34:11
4.91;18:34:12
4.98;18:34:13
4.97;18:34:14
4.96;18:34:15
5.03;18:34:16
5;18:34:17
4.91;18:34:18
4.99;18:34:19
5.01;18:34:20
4.95;18:34:21
4.98;18:34:22
5.02;18:34:23
4.96;18:34:24
5;18:34:25
4.98;18:34:26
4.94;18:34:27
4.98;18:34:28
4.93;18:34:29
4.99;18:34:30
4.95;18:34:31
4.93;18:34:32
5.02;18:34:33
4.94;18:34:34
4.9;18:34:35
5.04;18:34:37
4.95;18:34:38
5;18:34:39
4.96;18:34:40
5;18:34:41
4.95;18:34:42
4.99;18:34:42
4.92;18:34:44
4.99;18:34:45
4.91;18:34:46
4.94;18:34:47
4.97;18:34:48
4.99;18:34:49
4.96;18:34:50
4.96;18:34:51
4.94;18:34:52
4.98;18:34:53
4.99;18:34:54
5;18:34:55
4.98;18:34:56
5;18:34:57
4.99;18:34:58
4.95;18:34:59
5.02;18:35:00
4.99;18:35:01
4.98;18:35:02
4.99;18:35:03
5;18:35:04
4.95;18:35:05
5.04;18:35:06
4.91;18:35:07
4.98;18:35:08
5;18:35:10
4.98;18:35:11
4.96;18:35:11
5;18:35:13
4.93;18:35:14
4.97;18:35:15
4.95;18:35:16
4.98;18:35:17
5.01;18:35:18
4.95;18:35:18
4.95;18:35:20
5.02;18:35:21
4.93;18:35:22
5;18:35:23
4.95;18:35:24
4.98;18:35:25
4.98;18:35:26
4.96;18:35:27
4.98;18:35:28
4.9;18:35:29
4.98;18:35:30
4.94;18:35:31
4.96;18:35:32
5.03;18:35:33
4.95;18:35:34
4.99;18:35:35
5;18:35:36
5;18:35:37
4.97;18:35:38
5;18:35:39
4.99;18:35:40
4.95;18:35:41
4.95;18:35:42
4.97;18:35:43
4.94;18:35:44
4.98;18:35:45
5;18:35:47
5.02;18:35:47
4.97;18:35:49
5;18:35:50
5.05;18:35:51
4.97;18:35:52
4.95;18:35:53
5.03;18:35:54
5.01;18:35:55
4.98;18:35:56
4.97;18:35:57
5.01;18:35:58
5;18:35:59
4.95;18:36:00
5.02;18:36:01
5;18:36:02
5;18:36:03
4.96;18:36:04
5;18:36:05
4.97;18:36:06
5.02;18:36:07
4.98;18:36:08
4.98;18:36:09
4.97;18:36:10
4.98;18:36:11
4.96;18:36:12
4.99;18:36:13
4.96;18:36:14
4.97;18:36:15
4.99;18:36:16
5.04;18:36:17
5;18:36:18
4.96;18:36:19
5.05;18:36:20
4.95;18:36:21
5.03;18:36:23
5.06;18:36:23
4.98;18:36:25
4.92;18:36:26
5.04;18:36:27
5.08;18:36:28
4.99;18:36:29
5.01;18:36:30
5.01;18:36:30
4.98;18:36:32
5;18:36:33
4.95;18:36:34
4.91;18:36:35
4.91;18:36:36
4.92;18:36:37
4.96;18:36:38
4.96;18:36:39
5;18:36:40
4.94;18:36:41
4.93;18:36:42
5;18:36:43
4.98;18:36:44
4.98;18:36:45
4.97;18:36:46
5.01;18:36:47
4.97;18:36:48
4.97;18:36:49
4.96;18:36:50
4.97;18:36:51
5.02;18:36:52
4.98;18:36:53
5.06;18:36:54
4.95;18:36:55
4.94;18:36:56
4.95;18:36:58
4.96;18:36:59
4.98;18:36:59
4.99;18:37:01
5;18:37:02
4.92;18:37:03
5.01;18:37:04
5.02;18:37:05
4.95;18:37:06
4.95;18:37:06
4.99;18:37:08
4.97;18:37:09
4.98;18:37:10
4.97;18:37:11
5.04;18:37:12
5.01;18:37:13
4.96;18:37:14
4.94;18:37:15
5;18:37:16
4.96;18:37:17
5.01;18:37:18
5.01;18:37:19
4.92;18:37:20
5;18:37:21
4.94;18:37:22
4.97;18:37:23
5.01;18:37:24
4.95;18:37:25
5.02;18:37:26
4.94;18:37:27
5;18:37:28
4.95;18:37:29
5;18:37:30
4.89;18:37:31
5;18:37:32
5.03;18:37:33
4.99;18:37:34
4.98;18:37:35
5.01;18:37:37
4.98;18:37:38
5.01;18:37:39
4.98;18:37:40
5;18:37:41
4.95;18:37:42
4.95;18:37:43
4.98;18:37:44
4.93;18:37:45
4.94;18:37:46
5;18:37:47
5;18:37:48
4.96;18:37:49
4.97;18:37:50
4.97;18:37:51
4.97;18:37:52
5.01;18:37:53
4.98;18:37:54
4.96;18:37:55
4.99;18:37:56
5;18:37:57
4.94;18:37:58
4.96;18:37:59
4.9;18:38:00
5.03;18:38:01
4.96;18:38:02
5.02;18:38:03
4.98;18:38:04
4.97;18:38:05
5.05;18:38:06
4.95;18:38:07
5;18:38:09
4.94;18:38:10
4.98;18:38:11
5;18:38:11
5;18:38:13
4.98;18:38:14
5;18:38:15
4.96;18:38:16
5;18:38:17
4.99;18:38:18
4.99;18:38:19
5.03;18:38:20
5.02;18:38:21
4.97;18:38:22
4.96;18:38:23
4.96;18:38:24
4.94;18:38:25
5;18:38:26
5;18:38:27
5.01;18:38:28
5.02;18:38:29
4.95;18:38:30
5;18:38:31
4.94;18:38:32
4.95;18:38:33
4.93;18:38:34
4.94;18:38:35
4.92;18:38:36
4.96;18:38:37
5.04;18:38:38
4.98;18:38:39
4.95;18:38:41
5.04;18:38:41
4.99;18:38:43
5.06;18:38:44
4.91;18:38:45
4.96;18:38:46
5;18:38:47
4.99;18:38:48
5;18:38:49
5.02;18:38:50
5.03;18:38:51
5.02;18:38:52
4.97;18:38:53
4.95;18:38:54
4.95;18:38:55
5.02;18:38:56
4.94;18:38:57
4.97;18:38:58
4.98;18:38:59
5;18:39:00
5.01;18:39:01
4.89;18:39:02
4.99;18:39:03
5.03;18:39:04
4.97;18:39:05
5.03;18:39:06
4.94;18:39:07
4.94;18:39:08
4.95;18:39:09
4.96;18:39:11
4.98;18:39:11
4.92;18:39:13
5;18:39:14
5.03;18:39:15
5;18:39:16
4.95;18:39:17
4.97;18:39:18
4.97;18:39:19
5.02;18:39:20
4.98;18:39:21
4.95;18:39:22
4.98;18:39:23
5;18:39:24
4.97;18:39:25
4.99;18:39:26
4.96;18:39:27
4.98;18:39:28
4.99;18:39:29
4.96;18:39:30
4.94;18:39:31
4.97;18:39:32
4.96;18:39:33
5;18:39:34
4.92;18:39:35
5.05;18:39:36
4.99;18:39:37
4.93;18:39:38
4.98;18:39:39
4.93;18:39:40
4.95;18:39:41
4.92;18:39:42
5;18:39:43
4.99;18:39:45
4.98;18:39:46
5.01;18:39:47
5.01;18:39:47
4.97;18:39:49
4.91;18:39:50
5.05;18:39:51
4.98;18:39:52
4.94;18:39:53
4.96;18:39:54
4.93;18:39:54
5.01;18:39:56
4.95;18:39:57
5;18:39:58
4.98;18:39:59
4.96;18:40:00
5.01;18:40:01
4.97;18:40:02
4.99;18:40:03
4.91;18:40:04
5.01;18:40:05
4.93;18:40:06
4.95;18:40:07
4.95;18:40:08
4.96;18:40:09
4.91;18:40:10
4.99;18:40:11
4.95;18:40:12
4.95;18:40:13
4.94;18:40:14
4.94;18:40:15
4.99;18:40:16
4.99;18:40:17
4.94;18:40:19
4.99;18:40:20
4.93;18:40:21
4.97;18:40:22
4.96;18:40:23
5.06;18:40:23
4.97;18:40:25
4.95;18:40:26
4.93;18:40:27
4.96;18:40:28
5.04;18:40:29
4.96;18:40:30
5.02;18:40:31
4.93;18:40:32
5.03;18:40:33
5.01;18:40:34
4.95;18:40:35
5.05;18:40:36
4.97;18:40:37
4.94;18:40:38
4.95;18:40:39
4.96;18:40:40
4.99;18:40:41
4.89;18:40:42
5.02;18:40:43
4.99;18:40:44
4.99;18:40:45
5;18:40:46
4.96;18:40:47
4.99;18:40:48
5.03;18:40:49
5.02;18:40:50
4.98;18:40:51
4.96;18:40:52
5;18:40:53
5.05;18:40:54
4.99;18:40:55
5.08;18:40:56
5.06;18:40:57
4.96;18:40:58
5.01;18:40:59
4.94;18:41:00
5.08;18:41:01
4.95;18:41:02
5.01;18:41:04
4.98;18:41:05
4.99;18:41:05
5.05;18:41:07
4.97;18:41:08
4.96;18:41:09
4.99;18:41:10
4.95;18:41:11
4.98;18:41:12
5.02;18:41:12
4.94;18:41:14
4.99;18:41:15
5.03;18:41:16
4.96;18:41:17
4.96;18:41:18
4.98;18:41:19
4.92;18:41:20
5.04;18:41:21
4.97;18:41:22
4.98;18:41:23
4.96;18:41:24
5.02;18:41:25
5.01;18:41:26
4.98;18:41:27
4.99;18:41:28
4.93;18:41:29
5.01;18:41:30
5;18:41:31
5.01;18:41:32
5.04;18:41:33
5.03;18:41:34
5;18:41:35
5.02;18:41:36
4.98;18:41:37
4.97;18:41:38
4.92;18:41:39
4.99;18:41:40
5.02;18:41:41
5.04;18:41:42
5;18:41:43
4.94;18:41:44
5;18:41:46
4.93;18:41:47
4.99;18:41:47
4.92;18:41:49
5;18:41:50
5;18:41:51
5.02;18:41:52
4.99;18:41:53
4.96;18:41:54
4.93;18:41:55
5.03;18:41:56
5.04;18:41:57
4.99;18:41:58
5.01;18:41:59
5.01;18:42:00
4.97;18:42:00
4.97;18:42:02
4.92;18:42:03
4.95;18:42:04
4.98;18:42:05
4.94;18:42:06
4.96;18:42:07
5.08;18:42:08
4.95;18:42:09
5;18:42:10
4.91;18:42:11
4.98;18:42:12
5.04;18:42:13
4.98;18:42:14
5.02;18:42:15
4.95;18:42:16
5.03;18:42:17
5;18:42:18
4.93;18:42:19
4.96;18:42:20
4.95;18:42:21
4.94;18:42:22
4.99;18:42:23
4.96;18:42:24
4.99;18:42:25
4.99;18:42:26
4.95;18:42:27
4.98;18:42:28
5.01;18:42:29
4.94;18:42:30
4.96;18:42:31
5;18:42:32
4.91;18:42:33
4.98;18:42:34
4.95;18:42:35
4.97;18:42:36
4.97;18:42:37
5;18:42:39
5.02;18:42:40
4.99;18:42:41
4.98;18:42:41
4.97;18:42:43
4.98;18:42:44
5.04;18:42:45
4.99;18:42:46
4.96;18:42:47
4.95;18:42:47
4.89;18:42:49
4.99;18:42:50
5.03;18:42:51
4.96;18:42:52
4.96;18:42:53
4.99;18:42:53
4.97;18:42:55
5.04;18:42:56
4.93;18:42:57
5.08;18:42:58
5.01;18:42:59
4.96;18:43:00
4.97;18:43:01
5;18:43:02
4.95;18:43:03
5.01;18:43:04
5.02;18:43:05
4.92;18:43:06
4.95;18:43:07
4.99;18:43:08
4.96;18:43:09
5.01;18:43:10
4.97;18:43:11
5;18:43:12
4.98;18:43:13
4.98;18:43:14
4.92;18:43:15
4.95;18:43:16
4.98;18:43:17
4.91;18:43:18
5.03;18:43:19
4.98;18:43:20
4.99;18:43:21
4.94;18:43:22
4.9;18:43:23
4.94;18:43:24
4.93;18:43:25
5.04;18:43:26
4.98;18:43:27
5;18:43:28
5.03;18:43:29
5.01;18:43:30
5;18:43:31
5.01;18:43:32
4.98;18:43:33
5;18:43:34
5;18:43:35
4.93;18:43:36
5.05;18:43:37
4.96;18:43:38
4.99;18:43:39
4.98;18:43:40
4.89;18:43:41
4.91;18:43:42
5.03;18:43:43
4.92;18:43:44
4.94;18:43:45
4.93;18:43:46
4.96;18:43:47
4.86;18:43:48
4.92;18:43:49
4.95;18:43:51
4.95;18:43:52
4.93;18:43:53
4.95;18:43:53
4.85;18:43:55
5;18:43:56
4.97;18:43:57
4.96;18:43:58
4.89;18:43:59
4.94;18:44:00
5.02;18:44:00
4.99;18:44:02
5.02;18:44:03
5.03;18:44:04
4.93;18:44:05
5.01;18:44:06
5;18:44:07
4.94;18:44:08
4.99;18:44:09
4.99;18:44:10
4.99;18:44:11
5.01;18:44:12
5;18:44:13
4.97;18:44:14
4.95;18:44:15
4.98;18:44:16
4.94;18:44:17
5.02;18:44:18
5;18:44:19
4.99;18:44:20
4.99;18:44:21
4.98;18:44:22
4.93;18:44:23
4.97;18:44:24
4.95;18:44:25
5.01;18:44:26
4.96;18:44:27
4.95;18:44:28
4.93;18:44:29
5.02;18:44:30
5.04;18:44:31
4.96;18:44:32
5;18:44:33
4.99;18:44:34
4.96;18:44:35
4.91;18:44:36
4.95;18:44:37
5.06;18:44:38
4.99;18:44:39
5.02;18:44:40
4.98;18:44:41
5.07;18:44:42
4.94;18:44:43
4.96;18:44:44
4.99;18:44:45
4.93;18:44:46
4.96;18:44:47
4.93;18:44:49
4.99;18:44:50
4.97;18:44:51
5.01;18:44:52
4.9;18:44:53
5.03;18:44:53
4.93;18:44:55
4.96;18:44:56
4.96;18:44:57
5.02;18:44:58
5.02;18:44:59
4.93;18:44:59
4.94;18:45:01
4.95;18:45:02
4.96;18:45:03
4.96;18:45:04
4.99;18:45:05
4.98;18:45:06
5;18:45:06
5;18:45:08
4.93;18:45:09
4.99;18:45:10
4.96;18:45:11
4.95;18:45:12
4.93;18:45:13
5.02;18:45:14
4.95;18:45:15
5.03;18:45:16
5.03;18:45:17
4.97;18:45:18
5.01;18:45:19
4.96;18:45:20
5;18:45:21
4.95;18:45:22
5;18:45:23
4.99;18:45:24
4.97;18:45:25
4.99;18:45:26
4.99;18:45:27
5.06;18:45:28
4.98;18:45:29
5;18:45:30
4.97;18:45:31
4.94;18:45:32
4.91;18:45:33
4.95;18:45:34
4.99;18:45:35
4.93;18:45:36
5.04;18:45:37
4.95;18:45:38
4.99;18:45:39
4.95;18:45:40
4.96;18:45:41
4.95;18:45:42
4.99;18:45:43
4.97;18:45:44
5.01;18:45:45
5;18:45:46
4.94;18:45:47
4.98;18:45:48
4.97;18:45:49
4.95;18:45:50
4.98;18:45:51
4.95;18:45:52
4.99;18:45:53
4.96;18:45:55
5;18:45:56
4.96;18:45:57
4.95;18:45:58
5.02;18:45:59
4.98;18:45:59
5.02;18:46:01
4.99;18:46:02
4.96;18:46:03
4.93;18:46:04
5.07;18:46:05
5.03;18:46:06
4.95;18:46:06
4.95;18:46:08
4.92;18:46:09
4.95;18:46:10
4.94;18:46:11
5;18:46:12
5.07;18:46:12
4.97;18:46:14
4.98;18:46:15
4.96;18:46:16
4.99;18:46:17
5.01;18:46:18
4.95;18:46:19
4.99;18:46:20
5;18:46:21
4.94;18:46:22
4.98;18:46:23
4.98;18:46:24
4.97;18:46:25
5;18:46:26
4.99;18:46:27
4.98;18:46:28
5;18:46:29
4.96;18:46:30
4.95;18:46:31
4.95;18:46:32
5;18:46:33
4.96;18:46:34
4.96;18:46:35
4.97;18:46:36
4.94;18:46:37
5.04;18:46:38
4.98;18:46:39
4.99;18:46:40
5.02;18:46:41
5.02;18:46:42
5;18:46:43
4.98;18:46:44
4.95;18:46:45
4.99;18:46:46
5;18:46:47
5.02;18:46:48
5;18:46:49
4.97;18:46:50
4.99;18:46:51
4.99;18:46:52
5.01;18:46:53
5.01;18:46:54
4.97;18:46:55
4.97;18:46:56
4.95;18:46:57
4.94;18:46:58
5.01;18:46:59
4.98;18:47:01
5;18:47:02
4.99;18:47:03
5.01;18:47:04
5;18:47:05
4.98;18:47:05
4.91;18:47:07
5.02;18:47:08
5.01;18:47:09
4.95;18:47:10
4.95;18:47:11
4.94;18:47:11
5;18:47:13
5;18:47:14
4.94;18:47:15
5.02;18:47:16
4.95;18:47:17
5.01;18:47:18
4.93;18:47:18
4.95;18:47:20
4.98;18:47:21
4.95;18:47:22
5.03;18:47:23
4.98;18:47:24
4.93;18:47:25
5;18:47:26
4.97;18:47:27
4.99;18:47:28
5.02;18:47:29
4.95;18:47:30
4.91;18:47:31
4.94;18:47:32
4.96;18:47:33
4.95;18:47:34
4.95;18:47:35
4.94;18:47:36
4.96;18:47:37
4.99;18:47:38
4.98;18:47:39
4.95;18:47:40
4.98;18:47:41
4.96;18:47:42
4.97;18:47:43
5;18:47:44
5.01;18:47:45
4.92;18:47:46
4.92;18:47:47
4.98;18:47:48
4.93;18:47:49
4.98;18:47:50
5;18:47:51
4.93;18:47:52
5.02;18:47:53
4.92;18:47:54
4.99;18:47:55
5.02;18:47:56
4.95;18:47:57
4.95;18:47:58
4.92;18:47:59
4.96;18:48:00
5.04;18:48:01
5.01;18:48:02
5;18:48:03
4.92;18:48:04
5;18:48:05
4.98;18:48:06
4.96;18:48:07
4.98;18:48:08
4.99;18:48:09
5;18:48:10
5;18:48:11
5.03;18:48:12
4.96;18:48:13
5.01;18:48:14
5;18:48:15
5.04;18:48:16
4.95;18:48:17
5.01;18:48:18
5.02;18:48:19
4.99;18:48:20
4.98;18:48:21
4.98;18:48:22
4.96;18:48:23
4.95;18:48:24
5.02;18:48:25
4.98;18:48:26
4.97;18:48:27
5;18:48:28
4.89;18:48:29
5;18:48:30
5.01;18:48:31
4.95;18:48:33
4.96;18:48:34
4.92;18:48:35
5.03;18:48:35
4.94;18:48:37
4.97;18:48:38
5.01;18:48:39
4.94;18:48:40
4.95;18:48:41
4.93;18:48:41
5.01;18:48:43
4.97;18:48:44
5.01;18:48:45
4.95;18:48:46
4.96;18:48:47
4.97;18:48:48
5.02;18:48:49
5.07;18:48:50
5.05;18:48:51
4.94;18:48:52
4.98;18:48:53
4.99;18:48:54
4.99;18:48:55
5.03;18:48:56
5;18:48:57
5.03;18:48:58
4.98;18:48:59
5.05;18:49:00
4.98;18:49:01
4.92;18:49:02
4.99;18:49:03
4.97;18:49:04
5.01;18:49:05
5.03;18:49:06
5.01;18:49:07
4.95;18:49:08
4.98;18:49:09
4.98;18:49:10
5.01;18:49:11
5.05;18:49:12
4.98;18:49:13
4.96;18:49:14
5.02;18:49:15
4.94;18:49:16
4.97;18:49:17
4.95;18:49:18
4.96;18:49:19
5.05;18:49:20
4.95;18:49:21
4.99;18:49:22
5;18:49:23
4.96;18:49:24
5.03;18:49:25
4.99;18:49:26
5;18:49:27
4.95;18:49:28
4.97;18:49:29
4.99;18:49:30
4.94;18:49:31
5;18:49:32
5.01;18:49:33
4.99;18:49:34
4.98;18:49:35
4.98;18:49:36
4.93;18:49:37
4.98;18:49:38
4.89;18:49:39
5.05;18:49:40
5;18:49:41
4.93;18:49:42
5;18:49:43
5.06;18:49:44
5;18:49:45
4.99;18:49:46
4.97;18:49:47
5.01;18:49:48
4.98;18:49:49
5;18:49:50
4.93;18:49:51
4.98;18:49:52
4.96;18:49:53
4.93;18:49:54
4.95;18:49:55
4.94;18:49:56
4.96;18:49:57
4.95;18:49:58
5.05;18:49:59
4.97;18:50:00
4.94;18:50:01
4.96;18:50:02
4.98;18:50:03
4.96;18:50:04
4.97;18:50:05
4.99;18:50:06
4.95;18:50:07
5.03;18:50:08
5;18:50:09
4.95;18:50:10
5;18:50:11
4.96;18:50:12
4.97;18:50:13
4.92;18:50:14
5.03;18:50:15
4.9;18:50:16
5;18:50:17
5.02;18:50:18
4.98;18:50:19
4.97;18:50:20
4.99;18:50:21
5.04;18:50:22
4.99;18:50:23
4.96;18:50:24
4.99;18:50:25
4.99;18:50:26
5;18:50:27
5;18:50:28
5;18:50:29
5.02;18:50:30
4.95;18:50:31
4.99;18:50:32
4.94;18:50:33
4.99;18:50:34
5;18:50:35
4.91;18:50:36
4.93;18:50:37
4.98;18:50:38
4.99;18:50:39
4.95;18:50:40
4.92;18:50:41
4.98;18:50:42
5;18:50:43
4.96;18:50:44
4.97;18:50:45
4.99;18:50:46
5.02;18:50:47
5;18:50:48
4.98;18:50:49
5.02;18:50:50
4.98;18:50:51
5;18:50:52
4.95;18:50:53
4.98;18:50:54
5.04;18:50:55
4.96;18:50:56
4.99;18:50:57
5;18:50:58
4.99;18:50:59
4.93;18:51:00
4.95;18:51:01
5.07;18:51:02
4.94;18:51:03
5;18:51:04
4.99;18:51:05
5.07;18:51:07
5;18:51:08
4.98;18:51:09
4.95;18:51:10
4.99;18:51:11
4.94;18:51:11
4.99;18:51:13
4.95;18:51:14
4.96;18:51:15
5;18:51:16
5.02;18:51:17
5;18:51:17
5;18:51:19
4.99;18:51:20
4.91;18:51:21
5.03;18:51:22
4.97;18:51:23
4.96;18:51:23
4.95;18:51:25
4.95;18:51:26
4.95;18:51:27
5.01;18:51:28
4.95;18:51:29
4.98;18:51:30
4.96;18:51:31
4.94;18:51:32
5;18:51:33
4.96;18:51:34
4.97;18:51:35
4.9;18:51:36
4.92;18:51:36
5.01;18:51:38
4.97;18:51:39
4.97;18:51:40
5.02;18:51:41
4.99;18:51:42
4.97;18:51:43
5.03;18:51:44
4.96;18:51:45
5;18:51:46
4.95;18:51:47
5.05;18:51:48
4.95;18:51:49
4.96;18:51:50
5.01;18:51:51
5;18:51:52
4.99;18:51:53
4.98;18:51:54
4.98;18:51:55
5;18:51:56
4.94;18:51:57
4.97;18:51:58
4.97;18:51:59
5;18:52:00
4.91;18:52:01
4.99;18:52:02
4.98;18:52:03
5;18:52:04
4.95;18:52:05
4.96;18:52:06
4.98;18:52:07
4.95;18:52:08
4.96;18:52:09
5;18:52:10
4.95;18:52:11
5;18:52:12
4.95;18:52:13
4.95;18:52:14
4.96;18:52:15
5.01;18:52:16
5.01;18:52:17
4.93;18:52:18
4.91;18:52:19
4.96;18:52:20
4.99;18:52:21
4.97;18:52:22
4.96;18:52:23
5.01;18:52:24
4.9;18:52:25
4.97;18:52:26
4.99;18:52:27
4.97;18:52:28
4.89;18:52:29
4.95;18:52:30
4.99;18:52:31
5;18:52:32
5.02;18:52:33
4.99;18:52:34
4.98;18:52:35
4.98;18:52:36
5.03;18:52:37
4.95;18:52:38
4.96;18:52:39
4.99;18:52:40
4.95;18:52:41
5;18:52:42
4.93;18:52:43
4.95;18:52:44
4.99;18:52:45
4.99;18:52:46
4.96;18:52:47
5;18:52:48
4.98;18:52:49
4.98;18:52:50
4.95;18:52:51
5;18:52:52
4.93;18:52:53
5;18:52:54
4.95;18:52:55
4.95;18:52:56
4.9;18:52:57
4.95;18:52:58
5.01;18:52:59
4.95;18:53:00
4.96;18:53:01
4.94;18:53:02
4.96;18:53:03
5.01;18:53:04
4.99;18:53:05
4.99;18:53:06
4.98;18:53:07
5;18:53:08
5.02;18:53:09
5.02;18:53:11
5;18:53:11
5;18:53:13
5;18:53:14
4.98;18:53:14
5;18:53:16
5.07;18:53:16
4.99;18:53:17
4.99;18:53:18
5;18:53:19
4.96;18:53:20
4.97;18:53:21
4.97;18:53:22
4.98;18:53:23
4.99;18:53:24
4.97;18:53:25
4.96;18:53:26
5;18:53:27
4.98;18:53:28
4.98;18:53:29
5;18:53:30
4.96;18:53:31
4.95;18:53:32
4.99;18:53:33
4.98;18:53:34
4.97;18:53:35
4.99;18:53:36
4.97;18:53:37
4.95;18:53:38
5;18:53:39
4.97;18:53:40
4.97;18:53:41
4.99;18:53:42
4.97;18:53:43
4.97;18:53:44
4.99;18:53:45
4.98;18:53:46
4.96;18:53:47
5;18:53:48
4.98;18:53:49
4.95;18:53:50
4.98;18:53:51
4.97;18:53:52
4.96;18:53:53
5;18:53:54
4.98;18:53:55
4.98;18:53:56
4.99;18:53:57
4.98;18:53:58
4.96;18:53:59
5;18:54:00
4.98;18:54:01
4.96;18:54:02
5.01;18:54:03
4.96;18:54:04
4.96;18:54:05
5;18:54:06
4.97;18:54:07
4.98;18:54:08
5;18:54:09
4.96;18:54:10
4.95;18:54:11
4.99;18:54:12
4.97;18:54:13
4.96;18:54:14
5;18:54:15
4.98;18:54:16
4.96;18:54:17
5;18:54:18
4.97;18:54:19
4.98;18:54:20
5;18:54:21
4.98;18:54:22
4.97;18:54:23
5;18:54:24
4.98;18:54:25
4.96;18:54:26
5;18:54:27
4.98;18:54:28
4.96;18:54:29
5;18:54:30
4.97;18:54:31
4.96;18:54:32
5;18:54:33
4.97;18:54:34
4.96;18:54:35
4.99;18:54:36
4.97;18:54:37
4.96;18:54:38
5;18:54:39
4.99;18:54:40
4.96;18:54:41
5;18:54:42
4.98;18:54:43
4.98;18:54:44
5;18:54:45
4.97;18:54:46
4.96;18:54:47
5;18:54:48
4.98;18:54:49
4.96;18:54:50
5;18:54:51
4.98;18:54:52
4.95;18:54:53
5.01;18:54:54
4.98;18:54:55
4.96;18:54:56
5;18:54:57
4.99;18:54:58
4.96;18:54:59
4.99;18:55:00
4.97;18:55:01
4.98;18:55:02
5;18:55:03
4.96;18:55:04
4.95;18:55:05
4.99;18:55:06
4.98;18:55:07
4.95;18:55:08
5;18:55:09
4.98;18:55:10
4.97;18:55:11
5;18:55:12
4.96;18:55:13
4.96;18:55:14
4.99;18:55:15
4.97;18:55:16
4.96;18:55:17
5;18:55:18
4.97;18:55:19
4.97;18:55:20
4.99;18:55:21
4.98;18:55:22
4.95;18:55:23
5.01;18:55:24
4.98;18:55:25
4.94;18:55:26
5.01;18:55:27
4.98;18:55:28
4.96;18:55:29
4.99;18:55:30
4.97;18:55:31
4.96;18:55:32
5;18:55:33
4.99;18:55:34
4.98;18:55:35
5;18:55:36
4.97;18:55:37
4.99;18:55:38
5;18:55:39
4.96;18:55:40
4.97;18:55:41
4.99;18:55:42
4.96;18:55:43
4.95;18:55:44
5;18:55:45
4.97;18:55:46
4.97;18:55:47
5;18:55:48
4.96;18:55:49
4.97;18:55:50
5;18:55:51
4.98;18:55:52
4.97;18:55:53
5.01;18:55:54
4.98;18:55:55
4.97;18:55:56
5;18:55:57
4.97;18:55:58
4.95;18:55:59
5;18:56:00
4.97;18:56:01
4.98;18:56:02
5;18:56:03
4.98;18:56:04
4.96;18:56:05
5.01;18:56:06
4.98;18:56:07
4.96;18:56:08
5;18:56:09
4.97;18:56:10
4.96;18:56:11
4.99;18:56:12
4.97;18:56:13
4.96;18:56:14
5.01;18:56:15
4.98;18:56:16
4.95;18:56:17
5;18:56:18
4.97;18:56:19
4.95;18:56:21
5;18:56:22
4.98;18:56:23
4.95;18:56:23
5;18:56:25
4.98;18:56:26
4.96;18:56:27
5;18:56:27
4.98;18:56:28
4.95;18:56:29
5;18:56:30
4.98;18:56:31
4.96;18:56:32
5;18:56:34
4.98;18:56:35
4.97;18:56:35
5;18:56:37
4.97;18:56:38
4.98;18:56:39
5;18:56:40
4.97;18:56:41
4.95;18:56:41
5;18:56:43
4.98;18:56:44
4.96;18:56:45
5;18:56:46
4.98;18:56:47
4.96;18:56:48
5;18:56:49
4.98;18:56:50
4.97;18:56:51
5;18:56:52
4.99;18:56:53
4.95;18:56:54
5;18:56:54
4.97;18:56:56
4.95;18:56:57
5;18:56:58
4.98;18:56:59
4.95;18:57:00
4.99;18:57:00
4.98;18:57:02
4.94;18:57:03
4.99;18:57:04
4.97;18:57:05
4.97;18:57:06
5;18:57:07
4.98;18:57:08
4.97;18:57:09
5;18:57:10
4.96;18:57:11
4.95;18:57:12
5;18:57:13
4.97;18:57:14
4.96;18:57:15
4.99;18:57:16
4.99;18:57:17
4.96;18:57:18
5;18:57:19
4.96;18:57:20
4.98;18:57:21
5;18:57:22
4.97;18:57:23
4.96;18:57:24
5;18:57:25
4.97;18:57:26
4.98;18:57:27
5;18:57:28
4.99;18:57:29
4.96;18:57:30
5;18:57:31
4.97;18:57:32
4.97;18:57:33
5;18:57:34
4.98;18:57:35
4.95;18:57:36
5.01;18:57:37
4.97;18:57:38
4.95;18:57:39
5.01;18:57:40
4.97;18:57:41
4.96;18:57:42
5;18:57:43
4.97;18:57:44
4.96;18:57:45
5;18:57:46
4.98;18:57:47
4.95;18:57:48
5;18:57:49
4.96;18:57:50
4.97;18:57:51
5;18:57:52
4.96;18:57:53
4.95;18:57:54
4.99;18:57:55
4.96;18:57:56
4.97;18:57:57
5;18:57:58
4.97;18:57:59
4.95;18:58:01
5;18:58:02
4.97;18:58:03
4.96;18:58:04
5;18:58:05
4.96;18:58:05
4.96;18:58:07
5;18:58:08
4.97;18:58:09
4.97;18:58:10
5;18:58:11
4.97;18:58:11
4.96;18:58:13
5;18:58:14
4.95;18:58:15
4.96;18:58:16
5;18:58:17
4.98;18:58:18
4.96;18:58:18
4.99;18:58:20
4.96;18:58:21
4.96;18:58:22
5.01;18:58:23
4.99;18:58:24
4.97;18:58:24
5;18:58:26
4.98;18:58:27
4.95;18:58:28
5;18:58:29
4.98;18:58:30
4.96;18:58:31
5;18:58:32
4.98;18:58:33
4.95;18:58:34
5.01;18:58:35
4.97;18:58:36
4.95;18:58:37
5;18:58:38
4.97;18:58:39
4.96;18:58:40
5;18:58:41
4.98;18:58:42
4.97;18:58:43
5;18:58:44
4.98;18:58:45
4.98;18:58:46
5.01;18:58:47
4.97;18:58:48
4.97;18:58:49
5;18:58:50
4.97;18:58:51
4.97;18:58:52
4.99;18:58:53
4.98;18:58:54
4.96;18:58:55
5;18:58:56
4.98;18:58:57
4.96;18:58:58
5.01;18:58:59
4.98;18:59:00
4.96;18:59:01
5;18:59:02
4.98;18:59:03
4.96;18:59:04
5;18:59:05
4.97;18:59:06
4.98;18:59:07
4.99;18:59:08
4.97;18:59:09
4.96;18:59:11
5;18:59:11
4.96;18:59:13
4.96;18:59:14
4.99;18:59:15
4.96;18:59:16
4.97;18:59:17
4.99;18:59:17
4.97;18:59:19
4.98;18:59:20
5;18:59:21
4.96;18:59:22
4.97;18:59:23
5;18:59:24
4.95;18:59:25
4.96;18:59:26
5;18:59:27
4.97;18:59:28
4.96;18:59:29
5.01;18:59:30
4.97;18:59:30
4.96;18:59:32
5;18:59:33
4.97;18:59:34
4.97;18:59:35
5;18:59:36
4.98;18:59:36
4.97;18:59:38
5;18:59:39
4.96;18:59:40
4.96;18:59:41
5;18:59:42
4.98;18:59:43
4.97;18:59:44
5;18:59:45
4.97;18:59:46
4.97;18:59:47
5;18:59:48
4.99;18:59:49
4.97;18:59:50
5.01;18:59:51
4.98;18:59:52
5;18:59:53
4.98;18:59:54
4.96;18:59:55
5;18:59:56
5;18:59:57
4.97;18:59:58
5;18:59:59
4.94;19:00:00
4.99;19:00:01
5;19:00:02
5.09;19:00:03
5.01;19:00:04
4.89;19:00:05
5.01;19:00:06
5.07;19:00:07
4.99;19:00:08
5;19:00:09
5.01;19:00:10
5;19:00:11
5.06;19:00:12
4.95;19:00:14
4.97;19:00:15
5;19:00:16
5;19:00:17
5;19:00:17
5;19:00:19
5;19:00:20
5;19:00:21
5;19:00:22
5;19:00:23
5;19:00:23
5;19:00:25
5;19:00:26
5;19:00:27
5;19:00:28
4.99;19:00:29
4.99;19:00:29
5;19:00:31
4.99;19:00:32
4.99;19:00:33
4.99;19:00:34
5;19:00:35
4.99;19:00:36
4.99;19:00:37
5;19:00:38
4.99;19:00:39
4.99;19:00:40
4.99;19:00:41
5;19:00:42
5;19:00:43
5;19:00:44
5;19:00:45
5;19:00:46
5;19:00:47
5;19:00:48
5;19:00:49
4.99;19:00:50
5;19:00:51
4.99;19:00:52
5;19:00:53
5;19:00:54
4.99;19:00:54
5;19:00:56
5;19:00:57
5;19:00:58
5;19:00:59
5;19:01:00
5;19:01:01
4.99;19:01:02
5;19:01:03
5;19:01:04
5;19:01:05
5;19:01:06
5;19:01:07
4.99;19:01:08
4.99;19:01:09
5;19:01:10
4.99;19:01:11
5;19:01:12
4.99;19:01:13
5;19:01:14
5;19:01:15
5;19:01:16
5;19:01:17
4.99;19:01:18
5;19:01:19
4.99;19:01:20
4.99;19:01:21
5;19:01:22
4.99;19:01:23
4.99;19:01:24
5;19:01:25
5;19:01:26
5;19:01:27
5;19:01:28
5;19:01:29
4.99;19:01:30
5;19:01:31
5;19:01:32
5;19:01:33
5;19:01:34
5;19:01:35
5;19:01:36
5;19:01:37
5;19:01:38
5;19:01:39
5;19:01:40
4.99;19:01:41
5;19:01:42
4.99;19:01:43
4.99;19:01:44
4.99;19:01:45
4.99;19:01:46
5;19:01:47
5;19:01:48
5;19:01:49
5;19:01:50
4.99;19:01:51
5;19:01:52
5;19:01:53
5;19:01:54
4.99;19:01:55
4.99;19:01:56
4.99;19:01:57
5;19:01:58
5;19:01:59
5;19:02:00
5;19:02:01
5;19:02:02
5;19:02:03
5.01;19:02:04
5;19:02:05
5;19:02:06
5;19:02:07
5;19:02:08
5.01;19:02:09
4.97;19:02:10
4.95;19:02:11
4.95;19:02:12
5.01;19:02:13
4.97;19:02:14
4.97;19:02:15
4.99;19:02:16
4.97;19:02:17
4.97;19:02:18
4.95;19:02:19
5;19:02:20
4.97;19:02:21
4.96;19:02:22
5;19:02:23
4.99;19:02:24
4.95;19:02:25
5;19:02:26
4.97;19:02:27
4.96;19:02:28
4.92;19:02:29
4.97;19:02:30
4.95;19:02:31
5;19:02:32
4.97;19:02:33
4.95;19:02:34
5.01;19:02:35
4.97;19:02:36
4.96;19:02:37
4.95;19:02:38
4.97;19:02:39
4.97;19:02:40
5;19:02:41
4.97;19:02:42
4.95;19:02:43
5;19:02:44
4.98;19:02:45
4.95;19:02:46
5;19:02:47
4.97;19:02:48
4.98;19:02:49
4.97;19:02:50
4.97;19:02:51
4.97;19:02:52
5;19:02:53
5;19:02:54
4.95;19:02:55
5;19:02:56
4.97;19:02:57
4.97;19:02:58
5;19:02:59
4.98;19:03:00
4.95;19:03:01
5.01;19:03:02
4.97;19:03:03
4.95;19:03:04
5.01;19:03:05
4.97;19:03:06
4.98;19:03:07
5;19:03:08
4.97;19:03:09
4.96;19:03:10
5;19:03:11
4.97;19:03:12
4.95;19:03:13
4.98;19:03:14
4.98;19:03:15
4.95;19:03:16
5;19:03:17
4.97;19:03:18
4.95;19:03:19
5;19:03:20
4.98;19:03:21
4.96;19:03:22
5;19:03:23
5;19:03:24
4.96;19:03:25
5;19:03:26
4.98;19:03:27
4.96;19:03:28
4.95;19:03:29
4.99;19:03:30
4.95;19:03:31
5;19:03:32
4.97;19:03:33
4.96;19:03:34
5;19:03:35
4.98;19:03:36
4.96;19:03:37
5;19:03:38
4.99;19:03:39
4.97;19:03:40
4.99;19:03:41
4.97;19:03:42
4.95;19:03:43
4.94;19:03:44
4.97;19:03:45
4.95;19:03:47
4.99;19:03:47
4.97;19:03:49
4.97;19:03:50
5;19:03:51
4.98;19:03:52
4.96;19:03:53
4.97;19:03:53
4.98;19:03:55
4.96;19:03:56
4.97;19:03:57
4.98;19:03:58
4.96;19:03:59
4.9;19:04:00
4.98;19:04:01
4.97;19:04:02
5;19:04:03
4.98;19:04:04
4.97;19:04:05
4.98;19:04:06
4.99;19:04:06
4.96;19:04:08
4.97;19:04:09
4.98;19:04:10
4.96;19:04:11
5;19:04:12
4.98;19:04:12
4.97;19:04:14
5.01;19:04:15
4.99;19:04:16
4.97;19:04:17
4.98;19:04:18
4.97;19:04:19
4.97;19:04:20
5;19:04:21
4.98;19:04:22
4.97;19:04:23
4.91;19:04:24
4.98;19:04:25
4.95;19:04:26
4.99;19:04:27
4.98;19:04:28
4.97;19:04:29
5;19:04:30
4.98;19:04:31
4.97;19:04:32
5;19:04:33
4.97;19:04:34
4.96;19:04:35
5.01;19:04:36
4.98;19:04:37
4.95;19:04:38
4.98;19:04:39
4.97;19:04:40
4.95;19:04:41
5;19:04:42
4.98;19:04:43
4.97;19:04:44
4.96;19:04:45
4.97;19:04:46
4.97;19:04:47
4.99;19:04:48
4.98;19:04:49
4.97;19:04:50
4.99;19:04:51
4.98;19:04:52
4.95;19:04:53
4.98;19:04:54
4.97;19:04:55
4.95;19:04:57
5;19:04:58
4.98;19:04:59
4.97;19:04:59
5;19:05:01
4.99;19:05:02
4.96;19:05:03
4.97;19:05:04
4.98;19:05:05
4.97;19:05:05
4.9;19:05:07
4.98;19:05:08
4.96;19:05:09
4.99;19:05:10
4.97;19:05:11
4.98;19:05:12
4.97;19:05:12
4.98;19:05:14
4.96;19:05:15
5.02;19:05:16
4.98;19:05:17
4.97;19:05:18
5;19:05:19
5.03;19:05:20
4.98;19:05:21
5.03;19:05:22
4.96;19:05:23
4.97;19:05:24
5;19:05:25
4.99;19:05:26
4.95;19:05:27
4.97;19:05:28
5.05;19:05:29
4.99;19:05:30
4.98;19:05:31
4.99;19:05:32
4.98;19:05:33
4.96;19:05:34
4.98;19:05:35
4.96;19:05:36
4.95;19:05:37
5;19:05:38
4.97;19:05:39
4.99;19:05:40
4.99;19:05:41
5;19:05:42
4.98;19:05:43
5.03;19:05:44
4.92;19:05:45
4.96;19:05:46
4.99;19:05:47
5;19:05:48
4.95;19:05:49
4.95;19:05:50
4.94;19:05:51
